method,route,roles,jwt_required,source
GET,/api/activities/employees/<int:employee_id>,ADMIN;MANAGER,True,backend\routes\activities.py
GET,/api/activities/me,ADMIN;MANAGER;MARKETING_EXECUTIVE,True,backend\routes\activities.py
GET,/api/admin/audit-logs,ADMIN,True,backend\routes\admin.py
GET,/api/admin/dashboard,ADMIN;MANAGER;HR_ACCOUNTS,True,backend\routes\admin.py
GET,/api/admin/reports/attendance.csv,ADMIN;MANAGER;HR_ACCOUNTS,True,backend\routes\admin.py
POST,/api/admin/users,ADMIN,True,backend\routes\admin.py
GET,/api/appointments,ADMIN;MANAGER,True,backend\routes\appointments.py
POST,/api/appointments,ADMIN;MANAGER;MARKETING_EXECUTIVE,True,backend\routes\appointments.py
GET,/api/appointments/<int:item_id>,ADMIN;MANAGER;MARKETING_EXECUTIVE,True,backend\routes\appointments.py
PATCH,/api/appointments/<int:item_id>,ADMIN;MANAGER;MARKETING_EXECUTIVE,True,backend\routes\appointments.py
GET,/api/appointments/clients,ADMIN;MANAGER;MARKETING_EXECUTIVE,True,backend\routes\appointments.py
GET,/api/appointments/me,ADMIN;MANAGER;MARKETING_EXECUTIVE,True,backend\routes\appointments.py
GET,/api/attendance,ADMIN;MANAGER;HR_ACCOUNTS,True,backend\routes\attendance.py
POST,/api/attendance/check-in,ADMIN;MANAGER;HR_ACCOUNTS;MARKETING_EXECUTIVE,True,backend\routes\attendance.py
POST,/api/attendance/check-out,ADMIN;MANAGER;HR_ACCOUNTS;MARKETING_EXECUTIVE,True,backend\routes\attendance.py
GET,/api/attendance/me,ADMIN;MANAGER;HR_ACCOUNTS;MARKETING_EXECUTIVE,True,backend\routes\attendance.py
GET,/api/attendance/today,ADMIN;MANAGER;HR_ACCOUNTS;MARKETING_EXECUTIVE,True,backend\routes\attendance.py
POST,/api/auth/login,PUBLIC_LOGIN,False,backend\routes\auth.py
POST,/api/auth/logout,ADMIN;MANAGER;HR_ACCOUNTS;MARKETING_EXECUTIVE,True,backend\routes\auth.py
GET,/api/auth/me,ADMIN;MANAGER;HR_ACCOUNTS;MARKETING_EXECUTIVE,True,backend\routes\auth.py
POST,/api/client-visits,ADMIN;MANAGER;MARKETING_EXECUTIVE,True,backend\routes\clients.py
GET,/api/client-visits/me,ADMIN;MANAGER;HR_ACCOUNTS;MARKETING_EXECUTIVE,True,backend\routes\clients.py
POST,/api/clients,ADMIN;MANAGER;MARKETING_EXECUTIVE,True,backend\routes\clients.py
GET,/api/clients,ADMIN;MANAGER;HR_ACCOUNTS;MARKETING_EXECUTIVE,True,backend\routes\clients.py
GET,/api/clients/<int:client_id>,ADMIN;MANAGER;HR_ACCOUNTS;MARKETING_EXECUTIVE,True,backend\routes\clients.py
PUT,/api/clients/<int:client_id>,ADMIN;MANAGER;MARKETING_EXECUTIVE,True,backend\routes\clients.py
POST,/api/clients/onboard,ADMIN;MANAGER;MARKETING_EXECUTIVE,True,backend\routes\clients.py
GET,/api/erp/orders,ADMIN;MANAGER;MARKETING_EXECUTIVE,True,backend\routes\erp.py
POST,/api/erp/orders,ADMIN;MANAGER;MARKETING_EXECUTIVE,True,backend\routes\erp.py
GET,/api/erp/orders/<int:row_id>,ADMIN;MANAGER;MARKETING_EXECUTIVE,True,backend\routes\erp.py
PATCH,/api/erp/orders/<int:row_id>,ADMIN;MANAGER,True,backend\routes\erp.py
GET,/api/erp/products,ADMIN;MANAGER;MARKETING_EXECUTIVE,True,backend\routes\erp.py
GET,/api/location/latest,ADMIN;MANAGER,True,backend\routes\location.py
GET,/api/location/me,ADMIN;MANAGER;HR_ACCOUNTS;MARKETING_EXECUTIVE,True,backend\routes\location.py
POST,/api/location/update,ADMIN;MANAGER;HR_ACCOUNTS;MARKETING_EXECUTIVE,True,backend\routes\location.py
GET,/api/notifications,ADMIN;MANAGER;HR_ACCOUNTS;MARKETING_EXECUTIVE,True,backend\routes\notifications.py
PATCH,/api/notifications/<int:item_id>/read,ADMIN;MANAGER;HR_ACCOUNTS;MARKETING_EXECUTIVE,True,backend\routes\notifications.py
PATCH,/api/notifications/read-all,ADMIN;MANAGER;HR_ACCOUNTS;MARKETING_EXECUTIVE,True,backend\routes\notifications.py
GET,/api/payroll,ADMIN;HR_ACCOUNTS,True,backend\routes\payroll.py
POST,/api/payroll,ADMIN;HR_ACCOUNTS,True,backend\routes\payroll.py
GET,/api/payroll/<int:row_id>,ADMIN;MANAGER;HR_ACCOUNTS;MARKETING_EXECUTIVE,True,backend\routes\payroll.py
PATCH,/api/payroll/<int:row_id>,ADMIN;HR_ACCOUNTS,True,backend\routes\payroll.py
GET,/api/payroll/employees,ADMIN;HR_ACCOUNTS,True,backend\routes\payroll.py
GET,/api/payroll/me,ADMIN;MANAGER;HR_ACCOUNTS;MARKETING_EXECUTIVE,True,backend\routes\payroll.py
POST,/api/photos,ADMIN;MANAGER;MARKETING_EXECUTIVE,True,backend\routes\photos.py
GET,/api/photos/<int:photo_id>/file,ADMIN;MANAGER;HR_ACCOUNTS;MARKETING_EXECUTIVE,True,backend\routes\photos.py
GET,/api/tasks,ADMIN;MANAGER,True,backend\routes\tasks.py
POST,/api/tasks,ADMIN;MANAGER,True,backend\routes\tasks.py
GET,/api/tasks/<int:task_id>,ADMIN;MANAGER;MARKETING_EXECUTIVE,True,backend\routes\tasks.py
PATCH,/api/tasks/<int:task_id>,ADMIN;MANAGER;MARKETING_EXECUTIVE,True,backend\routes\tasks.py
GET,/api/tasks/<int:task_id>/history,ADMIN;MANAGER;MARKETING_EXECUTIVE,True,backend\routes\tasks.py
POST,/api/tasks/<int:task_id>/updates,ADMIN;MANAGER;MARKETING_EXECUTIVE,True,backend\routes\tasks.py
GET,/api/tasks/executives,ADMIN;MANAGER,True,backend\routes\tasks.py
GET,/api/tasks/me,ADMIN;MANAGER;MARKETING_EXECUTIVE,True,backend\routes\tasks.py
